{
    "mongodb_uri": "mongodb://localhost:27017/",
    "mongodb_db": "hidrs",
    "raw_data_collection": "raw_data",
    "kafka_servers": ["localhost:9092"],
    "kafka_topic": "raw_data_stream",
    "seed_urls": [
        "https://www.example.com",
        "https://www.wikipedia.org",
        "https://www.github.com"
    ],
    "user_agents": [
        "Mozilla/5.0 (Windows NT 10.0; Win64; x64) AppleWebKit/537.36 (KHTML, like Gecko) Chrome/91.0.4472.124 Safari/537.36",
        "Mozilla/5.0 (Macintosh; Intel Mac OS X 10_15_7) AppleWebKit/605.1.15 (KHTML, like Gecko) Version/14.1.1 Safari/605.1.15"
    ],
    "min_crawl_delay": 1.0,
    "max_crawl_delay": 5.0,
    "max_links_per_page": 10
}