{
    "mongodb_uri": "mongodb://localhost:27017/",
    "mongodb_db": "hidrs",
    "feedback_collection": "decision_feedback",
    "topology_collection": "topology_analysis",
    "search_logs_collection": "search_logs",
    "kafka_servers": ["localhost:9092"],
    "kafka_topology_topic": "topology_analysis_stream",
    "kafka_search_events_topic": "search_events_stream",
    "kafka_alert_topic": "alerts_stream",
    "kafka_feedback_topic": "feedback_stream",
    "kafka_recommendation_topic": "recommendations_stream",
    "feedback_interval_seconds": 3600,
    "max_metric_history_length": 100,
    "search_latency_threshold_ms": 500,
    "empty_results_threshold_percent": 20,
    "node_count_high_threshold": 10000,
    "alert_count_threshold": 10
}