{
    "mongodb_uri": "mongodb://localhost:27017/",
    "mongodb_db": "hidrs",
    "topology_collection": "topology_analysis",
    "holographic_collection": "holographic_representations",
    "kafka_servers": ["localhost:9092"],
    "kafka_input_topic": "topology_analysis_stream",
    "kafka_output_topic": "holographic_mapping_stream",
    "holographic_mapper_config_path": "config/holographic_mapper_config.json",
    "holographic_index_config_path": "config/holographic_index_config.json",
    "text_search_weight": 0.3,
    "vector_search_weight": 0.7
}