{
    "enabled_layers": [
        "data_acquisition", 
        "data_processing", 
        "network_topology", 
        "holographic_mapping", 
        "realtime_search", 
        "user_interface"
    ],
    "ui_host": "0.0.0.0",
    "ui_port": 5000,
    "debug_mode": false,
    "startup_delay": {
        "data_acquisition": 0,
        "data_processing": 5,
        "network_topology": 10,
        "holographic_mapping": 15,
        "realtime_search": 20,
        "user_interface": 25
    }
}